id,selection_reason,expected_root_cause,reference_answer,no_skill_score,skill_v2_score,skill_effect,no_skill_raw_response,skill_v2_raw_response,no_skill_judge_reason,skill_v2_judge_reason,adjudication_status,primary_failure_category,secondary_failure_category,evidence_in_input_sufficient,missing_knowledge_or_rule,required_knowledge_source,recommended_intervention,reviewer_notes
353fdb06-257a-4ee0-9c45-ff948a654747,STABLE_ZERO_BOTH_CONDITIONS,normal,No anomalous behavior detected in the sensor stream. The machine is operating normally; no remediation is required.,0.0,0.0,0.0,"{
  ""root_cause"": ""Most likely physical interference or misalignment at the screwdriving contact point causing the tool/end effector to remain loaded while the robot is stationary; the telemetry does not uniquely distinguish between a blocked/misaligned screw, fixture interference, or excessive preload."",
  ""evidence"": [
    ""The robot is effectively stationary throughout the stream: feedback positions fpo0-fpo5 match setpoint positions spo0-spo5 at every timestamp, and feedback speeds fsp0-fsp5 are zero or near zero."",
    ""Despite no commanded or observed motion, estimated contact force ecfo2 rises sharply from 6.58 at t=9214901 to 22.09 at t=9215000 and 29.31 at t=9215099, then remains elevated around 21.82 to 28.27 for the rest of the data."",
    ""Additional contact-force components drift upward while stationary, including ecfo1 rising from 0.66 at t=9214901 to 7.02 at t=9218361 and ecfo0 rising from -0.04 at t=9214901 to 1.30 at t=9218361."",
    ""Effort target torques remain essentially constant, for example etto1 stays at 12.78 and etto2 stays about 6.26-6.27, so the anomaly is not explained by a changing commanded joint-torque profile in the supplied data."",
    ""The supplied telemetry shows the symptom of sustained high estimated contact force during a stationary hold, but it does not uniquely identify the exact physical source of contact.""
  ],
  ""corrective_actions"": [
    ""Stop the cycle and inspect the screw, bit, fixture, and workpiece for obstruction, misalignment, bottomed-out screw, or cross-threading; verify by clearing/reseating the part and confirming ecfo2 returns near its unloaded baseline before restarting."",
    ""Check the taught screwdriving approach point and axial preload/depth so the tool is not being held too far into the part; verify with a slow dry-run that fpo tracks spo without elevated contact force before screw engagement."",
    ""Inspect the screwdriver bit and end-effector mounting for looseness or mechanical offset; verify by retesting at the same pose and confirming contact-force components do not continue to rise while the robot is stationary."",
    ""Run one controlled screwdriving cycle after correction while monitoring ecfo2, ecfo1, ecfo0, fsp, and fpo/spo; accept the fix only if contact force rises only during intended engagement and drops or stabilizes after completion without sustained abnormal loading.""
  ]
}","{
  ""root_cause"": ""Most likely excessive mechanical contact resistance at the screw joint, such as a jammed, misaligned, or cross-threaded screw/workpiece condition, rather than a robot joint tracking fault"",
  ""evidence"": [
    ""During the screwdriving task, all feedback positions remain equal to their setpoints across the stream, e.g. fpo0=-1.08 matches spo0=-1.08 through fpo5=-1.55 matching spo5=-1.55, indicating the robot pose is being held as commanded."",
    ""Feedback speeds are zero or near zero throughout the window, with fsp0-fsp5 mostly 0, so the contact-force change is not explained by a commanded robot motion in this data."",
    ""Estimated contact force on ecfo2 rises sharply from 6.58 at t=9214901 to 22.09 at t=9215000 and 29.31 at t=9215099 while the pose remains unchanged."",
    ""Additional contact-force components drift upward during the same stationary hold, including ecfo1 increasing from 0.66 at t=9214901 to 7.02 at t=9218361, consistent with a growing external load at the tool/workpiece interface."",
    ""The telemetry supports abnormal contact/loading during screwdriving, but it does not uniquely distinguish between cross-threading, a jammed screw, debris, wrong screw/hole condition, or fixture/workpiece misalignment.""
  ],
  ""corrective_actions"": [
    ""Stop the screwdriving cycle safely and relieve the tool from the workpiece; verify that contact force drops after backing away."",
    ""Inspect the screw, bit engagement, hole, and workpiece/fixture alignment for cross-threading, obstruction, debris, damaged threads, or an incorrectly seated part; correct alignment and replace/remove the suspect screw or debris as needed."",
    ""Run a controlled verification cycle first without driving load or at reduced speed/force, confirming fpo tracks spo and fsp behaves as expected, then repeat screwdriving while confirming ecfo2 and other contact-force components do not spike or continue rising during the stationary drive phase.""
  ]
}","Reference root cause is normal/no anomalous behavior requiring no remediation. The model instead diagnoses an anomaly due to physical interference or misalignment and provides corrective actions, so the root cause is incorrect.",Reference root cause is normal operation with no anomaly or remediation required. The model incorrectly identifies excessive mechanical contact resistance/cross-threading and proposes corrective actions for a fault.,COMPLETED,INSUFFICIENT_EVIDENCE,EVALUATOR_OR_REFERENCE_REVIEW,NO,,,INPUT_DATA_OR_EVALUATOR_REVIEW,
69d936dd-9ceb-4520-bb97-bf13ce264ec7,STABLE_ZERO_BOTH_CONDITIONS,loosening_phase,"Verify the current task phase in the program and confirm whether a loosening step is expected at this point in the sequence. If the loosening is unintended, halt the cycle, check the program logic for incorrect phase ordering, and restart from the correct step. If loosening is expected, no corrective action is required beyond confirming the screw disengages cleanly.",0.0,0.0,0.0,"{
  ""root_cause"": ""No anomalous behavior is evident from the supplied stream; the most defensible diagnosis is normal commanded motion followed by a stable hold, with no identifiable physical or operational fault."",
  ""evidence"": [
    ""feedback_pos_0 through feedback_pos_5 closely track setpoint_pos_0 through setpoint_pos_5 throughout the stream, indicating no visible position-following error."",
    ""feedback_speed signals decelerate smoothly toward zero by t=7508965 and remain at or near zero through t=7509756, consistent with the robot reaching and holding its final pose."",
    ""estimated contact forces remain low and do not show a sustained impact-like spike; for example ecfo2 peaks around 2.37 at t=7506968 and later settles near zero, fluctuating between about -0.01 and 0.13 after t=7509064."",
    ""effort_target_torque_1 and effort_target_torque_2 rise and then stabilize during the final hold, with etto1 about 7.12 and etto2 about 5.59 to 5.60 from t=7509064 onward, while the robot is stationary; the stream alone does not show this as a fault condition."",
    ""The supplied telemetry does not include screw seating depth, screwdriver spindle torque, bit engagement, screw presence, or pass/fail quality data, so it does not uniquely identify a screwdriving-process root cause.""
  ],
  ""corrective_actions"": [
    ""No immediate repair is indicated from these signals; verify by inspecting the completed screwdriving result for correct screw seating and by confirming the robot cycle completes without protective stop or quality rejection."",
    ""If production still reports defects, add or review process-specific measurements such as screwdriver torque, screw depth, screw presence, and bit engagement, then rerun the cycle and compare those measurements with the robot position, speed, force, and torque traces.""
  ]
}","{
  ""root_cause"": ""No supported physical or operational fault is identifiable from the supplied telemetry; the stream shows a coherent commanded robot move and stop rather than a clear anomaly."",
  ""evidence"": [
    ""Feedback positions closely track setpoint positions throughout the sequence, for example at t=7506573 all fpo values match the corresponding spo values, and at t=7506671 fpo3=1.12 while spo3=1.13."",
    ""Joint speeds change smoothly during motion and decay to zero by the stopped phase: fsp2/fsp3 are -1.64/1.93 at t=7507067, then approach -0.02/0.02 at t=7508965, and are 0/0 from t=7509162 onward."",
    ""After the motion stops, positions remain stable at approximately fpo0=-0.68, fpo1=-1.68, fpo2=-2.03, fpo3=3.71, fpo4=-0.79, fpo5=-1.55 from t=7509064 through t=7509756."",
    ""Estimated contact forces vary during the move but do not show a sustained, growing, or contradictory contact pattern; ecfo2 peaks at 2.37 at t=7506968 and later returns near zero, such as ecfo2=0.01 at t=7509162."",
    ""Effort target torques change smoothly with the commanded motion; because these are target torques, they indicate controller intent and are not by themselves proof of a mechanical fault."",
    ""The supplied data contains no alarm state, no command-versus-feedback loss of tracking, and no independent quality or process symptom that uniquely indicates a screwdriving failure.""
  ],
  ""corrective_actions"": [
    ""Do not replace components or recalibrate sensors based on this stream alone; first verify the actual screwdriving result by checking whether the screw was seated correctly after the cycle."",
    ""Run a controlled repeat cycle while monitoring setpoint-versus-feedback tracking, estimated contact force during the screw contact phase, and final part condition to confirm the same coherent motion and acceptable screw result."",
    ""If the physical screw result is unacceptable despite similar robot telemetry, inspect the end effector, bit engagement, screw presence, and workholding, because those task-level conditions are not directly proven by the provided joint telemetry.""
  ]
}",The model explicitly diagnoses no anomalous behavior and does not identify the loosening phase as the root cause. Its corrective actions are generic verification steps rather than checking whether a loosening step is expected or correcting unintended phase ordering.,"The known root cause is a loosening phase, requiring verification of whether loosening is expected and correction of program phase ordering if unintended. The model instead states that no physical or operational fault is identifiable and does not identify the loosening phase, so the root cause is incorrect and the corrective actions are not aligned with the reference procedure.",COMPLETED,INSUFFICIENT_EVIDENCE,TASK_PHASE_ERROR,NO,,,INPUT_DATA_OR_EVALUATOR_REVIEW,
6d351f4a-3042-4998-8b94-89af56f212f5,SKILL_SCORE_CHANGED,collision_foam_object,B,0.0,1.0,1.0,"{
  ""root_cause"": ""Most likely a placement/release contact problem: the workpiece or gripper is pressing into the fixture or an obstruction during phase 6/7, producing excessive force; the telemetry does not uniquely distinguish fixture misalignment from a gripper/workpiece release issue."",
  ""evidence"": [
    ""Robot motion tracking appears normal: feedback positions closely follow setpoint positions throughout the stream, and safety_mode remains 1, robot_mode remains 7, runtime_state remains 2, speed_scaling remains 1, and target_speed_fraction remains 1."",
    ""During phase 6 near release/placement, true_force_2 rises sharply to 37.3 at t=9974 while gripper_command is 5 and the robot is nearly stopped, with tool_momentum only 0.153."",
    ""At t=10076 in phase 7, setpoint speeds are all zero and tool_momentum is 0, but true_force_2 remains very high at 40.32 while gripper_command is 21, indicating sustained contact force after motion has stopped."",
    ""After the gripper_command returns to 0 at t=10279, true_force_2 drops from 40.32 to -4.76, supporting that the high force was associated with the placement/release/gripper state rather than a drive or voltage issue."",
    ""Main voltage and robot voltage remain stable around 48.13-48.19, joint temperatures remain unchanged, and there is no safety stop, so the data does not support power loss, thermal fault, or global robot shutdown as the root cause."",
    ""The telemetry does not include gripper feedback or fixture state, so it cannot uniquely prove whether the underlying cause is a jammed/stuck workpiece, gripper release fault, or fixture/part misalignment.""
  ],
  ""corrective_actions"": [
    ""Stop the cell and inspect the gripper fingers, held part, and placement fixture for obstruction, misalignment, or a part stuck in the gripper; verify by running a slow dry-cycle and confirming true_force_2 does not spike during phases 6/7."",
    ""Check the gripper actuation/release sequence around the commands seen in phase 6/7 and confirm the part is released before the robot reaches the final stopped position; verify with a monitored cycle where gripper_command changes correlate with normal force decay."",
    ""Inspect and realign the fixture or nest if the part is being driven into it during placement; verify by measuring placement position and confirming forces stay near the pre-contact baseline after release.""
  ]
}","{
  ""root_cause"": ""Most likely mechanical interference or an unexpected contact condition at the workpiece/fixture during the task, rather than a robot joint-control fault"",
  ""evidence"": [
    ""Robot motion tracking remains coherent: feedback positions closely follow setpoint positions throughout the motion, for example at t=8565 fpo0=62.06 versus spo0=62.05, fpo1=-76.42 versus spo1=-76.42, and fpo5=380.87 versus spo5=380.87."",
    ""Speed commands and feedback also track during the high-motion phase, for example at t=8565 fsp0=34.39 versus ssp0=34.58, fsp1=24.44 versus ssp1=24.33, and fsp5=46.4 versus ssp5=46.54."",
    ""Despite coherent commanded motion, true-force channels show large contact/load excursions during phases 5-7, including tfo1=17.81 and tfo2=-16.12 at t=8565, tfo1=28.22 and tfo2=-14.35 at t=8969, and tfo2=40.32 at t=10076 while setpoint speeds are zero."",
    ""Robot status channels do not show an obvious drive or safety shutdown pattern: rmo remains 7, rst remains 2, smo remains 1, speed_scaling remains 1, and voltages remain about 48.13-48.19 in the supplied window."",
    ""The supplied telemetry does not include a semantic definition of event=11 or a normal force limit, so the data does not uniquely identify the exact physical object causing the contact; the strongest supported diagnosis is an external interference/contact condition because force/load is abnormal while motion tracking remains intact.""
  ],
  ""corrective_actions"": [
    ""Stop the cell safely and inspect the robot path, end effector, workpiece, and fixture for obstruction, mispositioned part, or unintended contact; verify by jogging or dry-running the same phases and confirming the force channels no longer show the large excursions while setpoint and feedback continue to track."",
    ""Check the gripper/workholding state during phases 5-7 because gripper_command changes occur in the same interval as the large force events; verify the commanded gripper state produces the expected physical hold/release before resuming production.""
  ]
}",The known root cause is collision with a foam object. The model attributes the issue to a placement/release/gripper or fixture contact problem and does not clearly identify a foam-object collision. Its corrective actions focus on gripper/fixture/release inspection rather than the canonical collision cause.,"The model identifies the underlying issue as unexpected external contact/mechanical interference or obstruction, which is semantically equivalent to a collision with an object. It also gives broadly appropriate corrective actions: stop safely, inspect the robot path/end effector/workpiece/fixture for obstruction or unintended contact, and verify via dry run.",COMPLETED,EVALUATOR_OR_REFERENCE_REVIEW,INSUFFICIENT_EVIDENCE,NO,,,INPUT_DATA_OR_EVALUATOR_REVIEW,
85c46509-1237-4b82-8031-5b8df660d17b,STABLE_ZERO_BOTH_CONDITIONS,normal,F,0.0,0.0,0.0,"{""root_cause"":""Unexpected external contact or obstruction at the tool/workpiece while the robot is commanded to hold position; the telemetry does not uniquely distinguish whether this is a fixture collision, trapped part, or gripper/tool snag."",""evidence"":[""During task_phase tph=7, commanded motion is effectively zero: ssp0-ssp5=0 and stsp0-stsp5=0 throughout the stream, while setpoint positions and TCP setpoints remain constant."",""Feedback positions and TCP remain essentially stationary during the same interval, e.g. fpo values stay around fpo0=92.12, fpo1=-62.37/-62.38, fpo2=93.59, fpo3=-121.45/-121.46, fpo4=-90.69, fpo5=326.53."",""Despite the stationary command, true_force_2 becomes a sustained large negative load: tfo2 is -12.5 at t=9883, -13.21 at t=10085, and remains roughly -10.47 to -13.32 through t=12606."",""Holding effort rises while stationary: cou1 increases in magnitude from -1.28 at t=9481 to about -1.85 from t=9984 onward; cou2 increases from -0.909 at t=9481 to about -1.45 to -1.6 later; ecu1/ecu2 similarly remain elevated."",""Robot state does not show an explicit stop or safety trip in the supplied data: rmo=7, rst=2, smo=1, ev=0, ssc=1, and tsfr=1 remain stable, which supports a physical contact/load issue rather than a reported safety or power fault."",""The telemetry supports an abnormal external load/contact condition, but it does not uniquely identify the physical source of contact because no camera, part-present, fixture-position, or gripper feedback beyond gco is provided.""],""corrective_actions"":[""Stop or pause the cell and inspect the TCP, gripper, workpiece, and nearby fixture for unintended contact, trapped material, or a snag; verify by clearing the contact and confirming tfo2 returns near the earlier low-load range while the robot holds the same phase-7 pose."",""Check the programmed phase-7 pose against the actual fixture/workpiece location and gripper state; verify by running the phase slowly and confirming commanded zero speed does not produce sustained negative tfo2 or elevated cou1/cou2 holding effort."",""After any obstruction or alignment issue is corrected, repeat the task and verify that rmo/rst/smo remain stable and that true_force_2 no longer stays around -10 to -13 during the stationary hold.""]}","{
  ""root_cause"": ""unexpected external contact or interference at the tool/workpiece while the robot is commanded to hold position in task phase 7"",
  ""evidence"": [
    ""During the whole window tph=7 while setpoint joint speeds ssp0-ssp5 and setpoint TCP speeds stsp0-stsp5 remain 0, indicating a commanded hold rather than a commanded move."",
    ""Feedback positions and TCP pose remain essentially matched to the constant setpoints, so the primary joint motion/control boundary is not the first broken boundary."",
    ""Despite the stationary command and stable pose, true_force_2 changes from +6.64 at t=9481 and +3.48 at t=9582 to -6.72 at t=9682, then remains strongly negative around -10.47 to -13.32 later in the stream."",
    ""Joint control output/current demand on several axes increases while holding position, for example cou1 moves from -1.28 at t=9481 to about -1.85 later and cou2 from -0.909 to about -1.45 to -1.60, consistent with the robot resisting an external load rather than failing to follow a motion command."",
    ""The telemetry does not uniquely identify the physical source of the interference, such as a fixture, workpiece, or gripper-held object, because no option list or independent workholding/gripper feedback is supplied.""
  ],
  ""corrective_actions"": [
    ""Stop or hold the cell safely, inspect the TCP, gripper, workpiece, and nearby fixture area for unintended contact, trapped material, or mislocated parts; remove or correct the interference, then verify that true_force_2 returns near its earlier low-load behavior while the robot remains stationary."",
    ""After clearing the contact condition, rerun the task phase at safe speed and confirm that setpoint and feedback positions still track while joint currents/control outputs and TCP forces no longer show the sustained negative force buildup.""
  ]
}","Known root cause is normal/no anomaly (reference F), but the model identifies an anomalous external contact/obstruction and gives corrective actions for that incorrect cause.","Known root cause/reference indicate normal behavior (option F), but the model identifies an anomalous external contact/interference root cause and provides actions for clearing interference. This is not equivalent to normal.",COMPLETED,EVALUATOR_OR_REFERENCE_REVIEW,INSUFFICIENT_EVIDENCE,NO,,,INPUT_DATA_OR_EVALUATOR_REVIEW,
